id,org_id,account_name,amount,forecast_stage,rep_name,risk_summary,next_steps,run_count,updated_at,created_at,pain_score,pain_tip,metrics_score,metrics_tip,champion_score,champion_tip,eb_score,eb_tip,criteria_score,criteria_tip,process_score,process_tip,competition_score,competition_tip,paper_score,paper_tip,timing_score,timing_tip,audit_details,previous_total_score,previous_updated_at,rep_phone,rep_id,pain_summary,metrics_summary,champion_summary,eb_summary,criteria_summary,process_summary,competition_summary,paper_summary,timing_summary,crm_opp_id,rep_comments,manager_comments,champion_name,champion_title,eb_name,eb_title,ai_forecast,opportunity_name,close_date,budget_tip,budget_score,budget_summary,review_now,health_score,baseline_health_score,baseline_health_score_ts,ai_verdict,sales_stage,public_id,create_date_raw,create_date,product,crm_opp_id_norm,partner_name,deal_registration,health_score_source,pain_evidence_strength,pain_confidence,metrics_evidence_strength,metrics_confidence,champion_evidence_strength,champion_confidence,eb_evidence_strength,eb_confidence,criteria_evidence_strength,criteria_confidence,process_evidence_strength,process_confidence,competition_evidence_strength,competition_confidence,paper_evidence_strength,paper_confidence,timing_evidence_strength,timing_confidence,budget_evidence_strength,budget_confidence,predictive_eligible,prompt_version
7553,10,Voice One,101520,Commit,Conor Sullivan,"The renewal paperwork for Voice One's opportunity with BofA is completed, and the purchase order (PO) processing is the next priority, already underway. The sales rep has been actively engaging with various contacts, including Vince, to finalize the new licensing requirements and quotes. The deal is in the Commit stage with a close date set for March 31, 2026.","Finalize new licensing requirements
Continue following up on PO processing",1,2026-03-12 01:31:48.13015,2026-03-12 01:31:42.72867,0,Identify specific pain points or consequences of inaction to strengthen this category.,0,Identify specific metrics or KPIs that the customer values to strengthen this category.,1,Focus on building a stronger relationship with Vince to elevate him to a true champion status.,1,Identify and engage with the new economic buyer to strengthen your position.,2,Ensure to gather more specific technical and business requirements from the buyer to strengthen the criteria score.,2,Ensure to gather more details about the specific steps and stakeholders involved in the procurement process.,2,Ensure to gather explicit confirmation from the buyer regarding the absence of competitors.,3,"The procurement process is actively moving forward, indicating strong progress towards final sign-off.",3,The urgency and active procurement language indicate a compelling event.,"{""scoring"": {""evidence"": {""comment_ingestion_id"": 4873}, ""computed_at"": ""2026-03-12T01:31:48.137Z"", ""score_source"": ""ai_notes"", ""confidence_band"": ""high"", ""confidence_score"": 83, ""confidence_summary"": ""High confidence: 8/10 categories scored; updated recently; sourced from AI-notes.""}}",0,,,32,,,"Coach: Vince C is mentioned as a new DM, trying to get a meeting ASAP to discuss purchase and also general introductions.",Identified: new contact replacing Mubarak.,Defined: both 100 and 200 license options proposed to BofA.,Understood: procurement underway at BofA,"Identified: rep has stated no competition exists with a credible reason (incumbent position, sole approved vendor, switching cost described)",Final Sign-off: PO processing for this order is next priority and already underway.,Compelling Event: PO processing for this order is next priority and already underway.,006J5000003gonW,,,Vince,,Mubarak,,Pipeline,BofA_HA virtual (100),2026-03-31,Ensure to confirm that the pricing aligns with the budget during the next conversation.,3,Budget & Pricing Fully Confirmed: PO processing for this order is next priority and already underway.,f,17,17,2026-03-12 01:31:48.13015+00,Pipeline,4. Develop Solution,ec93aaf8-16d9-424b-ba60-0fc7c49800d4,2024-11-05T00:00:00.000Z,2024-11-05 00:00:00+00,Availability,006j5000003gonw,,f,baseline,,,,,,,,,,,,,,,,,,,,,t,
7554,10,Voice Two,101520,Commit,Conor Sullivan,"The renewal paperwork for the BofA_HA virtual opportunity is completed, and the purchase order (PO) processing is the next priority, already underway. The sales rep has been in contact with Vince, who is involved in the procurement process, and discussions about licensing options are ongoing. The deal is in the Commit stage with a close date set for March 31, 2026.",Continue following up on the PO processing and procurement status.,1,2026-03-12 01:31:51.41414,2026-03-12 01:31:42.72867,0,Identify specific business pain points and quantify the impact of inaction to strengthen this category.,0,Identify specific metrics or KPIs that the customer values to strengthen this category.,1,Identify if Vince has more influence or can advocate for your solution.,1,Identify and engage with the new economic buyer to strengthen your position.,2,Ensure to gather more specific technical and business requirements to strengthen the criteria score.,2,Ensure to gather more details about the specific steps and stakeholders involved in the procurement process.,0,Ensure to ask about any competitors being considered in future discussions.,3,Ensure to follow up on the procurement process to maintain momentum.,3,Ensure to highlight any specific deadlines or compelling events in future notes.,"{""scoring"": {""evidence"": {""comment_ingestion_id"": 4875}, ""computed_at"": ""2026-03-12T01:31:51.420Z"", ""score_source"": ""ai_notes"", ""confidence_band"": ""high"", ""confidence_score"": 78, ""confidence_summary"": ""High confidence: 7/10 categories scored; updated recently; sourced from AI-notes.""}}",0,,,32,,,Coach: Connected with Vince and introduced renewals into conversation.,Identified: new contact replacing Mubarak.,Defined: They are already consuming new licenses and as such are under 100 virtual licenses.,Understood: procurement underway at BofA,,Final Sign-off: PO processing for this order is next priority and already underway.,Compelling Event: PO processing for this order is next priority and already underway.,006J50200003gonW56,,,Vince,,Mubarak,,Pipeline,BofA_HA virtual (100),2026-03-31,Ensure to confirm that the pricing has been accepted by the financial decision maker.,3,Budget & Pricing Fully Confirmed: PO processing for this order is next priority and already underway.,f,15,15,2026-03-12 01:31:51.41414+00,Pipeline,4. Develop Solution,2d1c6cbb-03a4-4eed-a694-08cd69444c87,2024-11-05T00:00:00.000Z,2024-11-05 00:00:00+00,Availability,006j50200003gonw56,,f,baseline,,,,,,,,,,,,,,,,,,,,,t,
7555,10,Voice Three,101520,Commit,Conor Sullivan,"The deal with Voice Three involves a renewal for BofA, with all paperwork completed and PO processing underway. The sales rep has been in contact with Vince, the new decision maker, and is working through procurement for the next purchase of virtual licenses. The opportunity is currently in the Commit stage with a close date set for March 31, 2026.",Continue following up on procurement status and finalize the new quotes.,1,2026-03-12 01:31:55.45727,2026-03-12 01:31:42.72867,0,Identify specific business pain or consequences of inaction to strengthen this score.,0,Identify specific metrics or KPIs that the customer values to strengthen this category.,1,Identify if Vince has more influence or can advocate for your solution.,1,Identify and engage with the new economic buyer to strengthen your position.,2,Ensure to gather more specific technical and business requirements from the buyer to strengthen the criteria score.,2,Ensure to gather more details on the specific steps and stakeholders involved in the procurement process.,2,Confirm if there are any specific competitors being evaluated or if the buyer has stated no competition exists.,3,"The procurement process is actively moving forward, indicating strong progress towards final sign-off.",3,The presence of a specific procurement action indicates a compelling event.,"{""scoring"": {""evidence"": {""comment_ingestion_id"": 4879}, ""computed_at"": ""2026-03-12T01:31:55.463Z"", ""score_source"": ""ai_notes"", ""confidence_band"": ""high"", ""confidence_score"": 83, ""confidence_summary"": ""High confidence: 8/10 categories scored; updated recently; sourced from AI-notes.""}}",0,,,32,,,Coach: Connected with Vince and introduced renewals into conversation.,Identified: new contact replacing Mubarak.,Defined: both 100 and 200 license options proposed to BofA.,Understood: procurement underway at BofA,Identified: waiting further direction from BofA team for end of year purchase.,Final Sign-off: PO processing for this order is next priority and already underway.,Compelling Event: PO processing for this order is next priority and already underway.,006J50030003gonW,,,Vince,,,,Pipeline,BofA_HA virtual (100),2026-03-31,Ensure to confirm that the pricing has been accepted by the financial decision maker.,3,Budget & Pricing Fully Confirmed: PO processing for this order is next priority and already underway.,f,17,17,2026-03-12 01:31:55.45727+00,Pipeline,4. Develop Solution,b55ca7ce-3e9c-42af-b420-b8327defa501,2024-11-05T00:00:00.000Z,2024-11-05 00:00:00+00,Availability,006j50030003gonw,,f,baseline,,,,,,,,,,,,,,,,,,,,,t,
7556,10,Not Past One,101520,Commit,Conor Sullivan,"The deal with BofA involves a renewal of virtual licenses, with procurement already underway and a purchase order processing as the next priority. Meetings have been held with key contacts, including Vince, to discuss the renewal and new quotes. The opportunity is in the Commit stage with a close date set for March 31, 2026.",Continue following up on the procurement process and finalize the order.,1,2026-03-12 01:31:58.854247,2026-03-12 01:31:42.72867,0,Identify specific business pain or consequences of inaction to strengthen this score.,0,Identify specific metrics or KPIs that the customer values to strengthen this category.,1,Identify if Vince has more influence or can advocate for your solution.,1,Identify and engage with the new contact to establish a direct relationship.,2,Ensure to gather more specific technical and business requirements from the buyer to strengthen the criteria score.,2,Ensure to gather more details about the specific steps and stakeholders involved in the procurement process.,2,Confirm with the buyer if any competitors are being evaluated.,3,"The procurement process is actively moving forward, indicating strong progress towards final sign-off.",3,Ensure to highlight the urgency and specific actions being taken towards the deadline.,"{""scoring"": {""evidence"": {""comment_ingestion_id"": 4882}, ""computed_at"": ""2026-03-12T01:31:58.860Z"", ""score_source"": ""ai_notes"", ""confidence_band"": ""high"", ""confidence_score"": 83, ""confidence_summary"": ""High confidence: 8/10 categories scored; updated recently; sourced from AI-notes.""}}",0,,,32,,,Coach: connected with Vince and introduced renewals into conversation.,Identified: new contact replacing Mubarak.,Defined: both 100 and 200 license options proposed to BofA.,Understood: procurement underway at BofA,Identified: waiting further direction from BofA team for end of year purchase.,Final Sign-off: PO processing for this order is next priority and already underway.,Compelling Event: PO processing for this order is next priority and already underway.,006J50004003gonW,,,Vince,,,,Pipeline,BofA_HA virtual (100),2026-03-31,Ensure to confirm that the pricing aligns with the budget during the next discussions.,3,Budget & Pricing Fully Confirmed: PO processing for this order is next priority and already underway.,f,17,17,2026-03-12 01:31:58.854247+00,Pipeline,4. Develop Solution,b0b6a025-5e74-4685-86a6-390f2801e3a9,2024-11-05T00:00:00.000Z,2024-11-05 00:00:00+00,Availability,006j50004003gonw,,f,baseline,,,,,,,,,,,,,,,,,,,,,t,
7557,10,Not Past Two,101520,Commit,Conor Sullivan,"The deal with BofA for the HA virtual licenses is progressing well, with all renewal paperwork completed and PO processing underway. The team is actively working through procurement, and there have been multiple meetings with key contacts, including Vince, to discuss the next steps and licensing options. The opportunity is currently in the Commit stage with a close date set for March 31, 2026.",Continue following up on procurement status and finalize licensing options.,1,2026-03-12 01:32:01.862848,2026-03-12 01:31:42.72867,0,Identify specific business pain or consequences of inaction to strengthen the pain score.,0,Identify specific metrics or KPIs that the customer values to strengthen this category.,1,Identify if Vince has the ability to influence the decision-making process.,1,Identify and engage with the new economic buyer to strengthen your position.,2,Ensure to document specific technical and business requirements to strengthen the criteria score.,2,Ensure to gather more details about the specific steps and stakeholders involved in the procurement process.,2,Confirm if there are any specific competitors being evaluated or if the buyer has stated no competition exists.,3,Ensure to follow up on the procurement process to maintain momentum.,3,Ensure to highlight any specific deadlines or compelling events in future notes.,"{""scoring"": {""evidence"": {""comment_ingestion_id"": 4884}, ""computed_at"": ""2026-03-12T01:32:01.869Z"", ""score_source"": ""ai_notes"", ""confidence_band"": ""high"", ""confidence_score"": 83, ""confidence_summary"": ""High confidence: 8/10 categories scored; updated recently; sourced from AI-notes.""}}",0,,,32,,,Coach: connected with Vince and introduced renewals into conversation.,Identified: new contact replacing Mubarak.,Defined: both 100 and 200 license options proposed to BofA.,Understood: procurement underway at BofA,Identified: waiting further direction from BofA team for end of year purchase.,Final Sign-off: PO processing for this order is next priority and already underway.,Compelling Event: PO processing for this order is next priority and already underway.,5006J5000003gonW,,,Vince,,,,Pipeline,BofA_HA virtual (100),2026-03-31,Ensure to confirm that the budget is formally approved and that pricing has been accepted by the financial decision maker.,3,Budget & Pricing Fully Confirmed: PO processing for this order is next priority and already underway.,f,17,17,2026-03-12 01:32:01.862848+00,Pipeline,4. Develop Solution,e74d1424-e8fc-4bac-b055-c8dbac673c6e,2024-11-05T00:00:00.000Z,2024-11-05 00:00:00+00,Availability,5006j5000003gonw,,f,baseline,,,,,,,,,,,,,,,,,,,,,t,
7558,10,Not Past Three,101520,Commit,Conor Sullivan,"The deal with BofA for the HA virtual licenses is progressing well, with all renewal paperwork completed and PO processing underway. The team is actively working through procurement, and there have been multiple meetings with key contacts, including Vince. The next steps involve finalizing the order and confirming the number of licenses needed.",Finalize the order and confirm the number of licenses needed.,1,2026-03-12 01:31:46.865377,2026-03-12 01:31:42.72867,0,Identify specific business pain or consequences of inaction to strengthen this score.,0,Identify specific metrics or KPIs that the customer values to strengthen this category.,1,Identify if Vince has more influence or can advocate for your solution.,1,Identify and engage with the Economic Buyer to strengthen your position.,2,Ensure to gather more specific technical and business requirements from the buyer to strengthen the criteria score.,2,Ensure to gather more details on the specific steps and stakeholders involved in the procurement process.,2,Confirm if there are any specific competitors being evaluated or if the buyer has stated no competition exists.,3,"The procurement process is actively moving forward, indicating strong progress towards final sign-off.",3,Ensure to highlight the urgency and specific actions being taken to meet the timeline.,"{""scoring"": {""evidence"": {""comment_ingestion_id"": 4872}, ""computed_at"": ""2026-03-12T01:31:46.876Z"", ""score_source"": ""ai_notes"", ""confidence_band"": ""high"", ""confidence_score"": 83, ""confidence_summary"": ""High confidence: 8/10 categories scored; updated recently; sourced from AI-notes.""}}",0,,,32,,,Coach: Connected with Vince and introduced renewals into conversation.,Identified: we know who they are but have not spoken.,Defined: both 100 and 200 license options proposed to BofA.,Understood: procurement underway at BofA,Identified: waiting further direction from BofA team for end of year purchase.,Final Sign-off: PO processing for this order is next priority and already underway.,Compelling Event: PO processing for this order is next priority and already underway.,006J5000003gonW6,,,Vince,,,,Pipeline,BofA_HA virtual (100),2026-03-31,Confirm that the budget is formally approved and that pricing has been accepted by the financial decision maker.,3,Budget & Pricing Fully Confirmed: PO processing for this order is next priority and already underway.,f,17,17,2026-03-12 01:31:46.865377+00,Pipeline,4. Develop Solution,52d23b2d-e50d-45fa-a6f3-e301f3357dec,2024-11-05T00:00:00.000Z,2024-11-05 00:00:00+00,Availability,006j5000003gonw6,,f,baseline,,,,,,,,,,,,,,,,,,,,,t,
7559,10,Text Only One,101520,Commit,Conor Sullivan,"The renewal paperwork for the BofA_HA virtual opportunity is completed, and the purchase order (PO) processing is the next priority, already underway. The sales rep has been in contact with various stakeholders, including Vince, and is working through procurement with BofA. The deal is positioned for a purchase of additional licenses, with a close date set for March 31, 2026.","Continue following up on the PO processing and procurement status.
Prepare for the upcoming meetings with BofA stakeholders.",1,2026-03-12 01:31:51.12622,2026-03-12 01:31:42.72867,0,Identify specific business pain or consequences of inaction to strengthen this score.,0,Identify specific metrics or KPIs that demonstrate the economic impact of the solution.,1,Identify if Vince has more influence or can facilitate meetings with decision-makers.,1,Identify and engage with the Economic Buyer to strengthen your position.,2,Ensure to document specific technical and business requirements to strengthen the criteria score.,2,Ensure to gather more details about the specific steps and stakeholders involved in the procurement process.,0,Ensure to ask about any competitors being considered in future discussions.,3,"The procurement process is actively moving forward, indicating strong progress towards final sign-off.",3,Ensure to highlight the urgency and specific actions being taken towards procurement.,"{""scoring"": {""evidence"": {""comment_ingestion_id"": 4874}, ""computed_at"": ""2026-03-12T01:31:51.133Z"", ""score_source"": ""ai_notes"", ""confidence_band"": ""high"", ""confidence_score"": 78, ""confidence_summary"": ""High confidence: 7/10 categories scored; updated recently; sourced from AI-notes.""}}",0,,,32,,,Coach: Connected with Vince and introduced renewals into conversation.,Identified: we know who they are but have not spoken.,Defined: both 100 and 200 license options proposed to BofA.,Understood: procurement underway at BofA,,Final Sign-off: PO processing for this order is next priority and already underway.,Compelling Event: PO processing for this order is next priority and already underway.,006J5000003gonW7,,,Vince,,,,Pipeline,BofA_HA virtual (100),2026-03-31,Ensure to confirm that the budget is formally approved and that pricing has been accepted by the financial decision maker.,3,Budget & Pricing Fully Confirmed: PO processing for this order is next priority and already underway.,f,15,15,2026-03-12 01:31:51.12622+00,Pipeline,4. Develop Solution,a7b93da8-564c-460f-9279-04bd8137b30a,2024-11-05T00:00:00.000Z,2024-11-05 00:00:00+00,Availability,006j5000003gonw7,,f,baseline,,,,,,,,,,,,,,,,,,,,,t,
7560,10,Text Only Two,101520,Commit,Conor Sullivan,"The renewal paperwork for the BofA opportunity is completed, and the purchase order (PO) processing is the next priority, already underway. The sales rep has been in contact with various stakeholders, including Vince, and is working through procurement for new licenses. The deal is in the Commit stage with a close date set for March 31, 2026.",Continue following up on PO processing and procurement status.,1,2026-03-12 01:31:54.082499,2026-03-12 01:31:42.72867,0,Identify specific business pain or consequences of inaction to strengthen the pain score.,0,Identify specific metrics or KPIs that the customer values to strengthen this category.,1,Identify if Vince has more influence or can advocate for your solution within the organization.,1,Identify and engage with the new economic buyer to strengthen your position.,2,Ensure to document specific technical and business requirements as they are confirmed.,2,Ensure to gather more details about the specific steps and stakeholders involved in the procurement process.,2,Confirm if there are any specific competitors being evaluated or if the buyer has stated no competition exists.,3,"The procurement process is actively moving forward, indicating strong progress towards final sign-off.",3,Ensure to highlight the urgency and specific actions being taken to meet the timeline.,"{""scoring"": {""evidence"": {""comment_ingestion_id"": 4877}, ""computed_at"": ""2026-03-12T01:31:54.089Z"", ""score_source"": ""ai_notes"", ""confidence_band"": ""high"", ""confidence_score"": 83, ""confidence_summary"": ""High confidence: 8/10 categories scored; updated recently; sourced from AI-notes.""}}",0,,,32,,,Coach: connected with Vince and introduced renewals into conversation.,Identified: new contact replacing Mubarak.,Defined: both 100 and 200 license options proposed to BofA.,Understood: procurement underway at BofA,Identified: waiting further direction from BofA team for end of year purchase.,Final Sign-off: PO processing for this order is next priority and already underway.,Compelling Event: PO processing for this order is next priority and already underway.,006J5000003gonW8,,,Vince,,,,Pipeline,BofA_HA virtual (100),2026-03-31,Ensure to confirm that the pricing aligns with the budget during the next discussions.,3,Budget & Pricing Fully Confirmed: PO processing for this order is next priority and already underway.,f,17,17,2026-03-12 01:31:54.082499+00,Pipeline,4. Develop Solution,3cf880ac-a157-4479-9ebe-f7664862717e,2024-11-05T00:00:00.000Z,2024-11-05 00:00:00+00,Availability,006j5000003gonw8,,f,baseline,,,,,,,,,,,,,,,,,,,,,t,
7561,10,Text Only Three,101520,Commit,Conor Sullivan,"The deal with BofA for the HA virtual licenses is progressing well, with all renewal paperwork completed and PO processing underway. The team is actively working through procurement, and there have been multiple meetings with key contacts, including Vince, to discuss the next steps and licensing options. The opportunity is currently in the Commit stage with a close date set for March 31, 2026.",Continue following up on procurement status and finalize licensing options with BofA.,1,2026-03-12 01:31:57.78328,2026-03-12 01:31:42.72867,0,Identify specific pain points or consequences of inaction to strengthen this category.,0,Identify specific metrics or KPIs that the customer values to strengthen the case.,1,Identify if Vince has more influence or can advocate for your solution.,1,Identify and engage with the new economic buyer to strengthen your position.,2,Ensure to gather more specific technical and business requirements to strengthen the criteria score.,2,Ensure to gather more details about the specific steps and stakeholders involved in the procurement process.,2,Confirm with the buyer if any competitors are being evaluated.,3,"The procurement process is actively moving forward, indicating strong progress towards final sign-off.",3,Ensure to confirm specific deadlines or compelling events to strengthen the timing score.,"{""scoring"": {""evidence"": {""comment_ingestion_id"": 4880}, ""computed_at"": ""2026-03-12T01:31:57.789Z"", ""score_source"": ""ai_notes"", ""confidence_band"": ""high"", ""confidence_score"": 83, ""confidence_summary"": ""High confidence: 8/10 categories scored; updated recently; sourced from AI-notes.""}}",0,,,32,,,Coach: connected with Vince and introduced renewals into conversation.,Identified: new contact replacing Mubarak.,Defined: they are already consuming new licenses and as such are under 100 virtual licenses.,Understood: procurement underway at BofA,Identified: Waiting further direction from BofA team for end of year purchase.,Final Sign-off: PO processing for this order is next priority and already underway.,Compelling Event: PO processing for this order is next priority and already underway.,006J5000003gonW9,,,Vince,,,,Pipeline,BofA_HA virtual (100),2026-03-31,Confirm that the budget is formally approved and that pricing has been accepted by the financial decision maker.,3,Budget & Pricing Fully Confirmed: PO processing for this order is next priority and already underway.,f,17,17,2026-03-12 01:31:57.78328+00,Pipeline,4. Develop Solution,79335a42-7538-414c-8d8d-194305fb092d,2024-11-05T00:00:00.000Z,2024-11-05 00:00:00+00,Availability,006j5000003gonw9,,f,baseline,,,,,,,,,,,,,,,,,,,,,t,
7562,10,Complex Ingest 1,101520,Commit,Conor Sullivan,"The deal with BofA involves a renewal for 100 additional virtual licenses, with procurement already underway. Vince Campbell, the Economic Buyer, has validated the need for the solution and submitted the quote for approvals. There is no competition as BofA is the sole approved vendor, and the purchase is critical to meet their compliance and operational requirements.",Await final signatures through the Ariba system to cut the PO.,1,2026-03-12 01:32:02.599165,2026-03-12 01:31:42.72867,3,Ensure to quantify the impact of inaction in future discussions.,0,Identify specific metrics or KPIs that the customer is using to measure success.,3,Ensure to maintain strong communication with Vince to leverage his influence in the buying process.,3,Ensure to maintain a strong relationship with the economic buyer to facilitate the buying process.,3,Ensure to document any specific technical requirements that have been validated.,3,Ensure to maintain a direct line of communication with the economic buyer to facilitate the decision process.,3,Confirm the buyer's understanding of the competitive landscape to reinforce your position.,3,Ensure to follow up on the PO processing to maintain momentum.,3,Ensure to highlight any specific deadlines or compelling events in future updates.,"{""scoring"": {""evidence"": {""comment_ingestion_id"": 4885}, ""computed_at"": ""2026-03-12T01:32:02.605Z"", ""score_source"": ""ai_notes"", ""confidence_band"": ""high"", ""confidence_score"": 88, ""confidence_summary"": ""High confidence: 9/10 categories scored; updated recently; sourced from AI-notes.""}}",0,,,32,Quantified Impact: they will miss target deadlines and put customer data at risk if they dont buy more of our licenses.,,"True Champion: Vince Campbell, chief arctictec is the new leader of IS services (he is also the economic buyer), has validated the need for our solution - He is leading buying process and has submitted the quote for approvals.","Direct Relationship: Vince Campbell, chief arctictec is the new leader of IS services (he is also the economic buyer), has validated the need for our solution - He is leading buying process and has submitted the quote for approvals.",Locked: they've passed all the technical requirements as defined by BoA - They're already using our product today in this environment.,"Verified: Vince Campbell, chief arctictec, he has submitted the quote for a purchase order.",Positioned: there is no competition - we already have the contract and are the only approved vendor,Final Sign-off: PO processing for this order is next priority and already underway.,Compelling Event: PO processing for this order is next priority and already underway.,006J5000003gonW10,,,Vince Campbell,Chief Arctictec,Vince Campbell,Chief Arctictec,Commit,BofA_HA virtual (100),2026-03-31,Ensure to confirm that the budget is formally approved and that pricing has been accepted by the financial decision maker.,3,"Budget & Pricing Fully Confirmed: Vince Campbell, chief arctictec, he has submitted the quote for a purchase order.",f,27,27,2026-03-12 01:32:02.599165+00,Commit,4. Develop Solution,df47b3a7-5ca0-4aff-92b0-aed1408155e7,2024-11-05T00:00:00.000Z,2024-11-05 00:00:00+00,Availability,006j5000003gonw10,,f,baseline,,,,,,,,,,,,,,,,,,,,,t,
7563,10,Complex Ingest 2,101520,Commit,Conor Sullivan,"The deal with BofA involves a renewal for 100 additional virtual licenses, with procurement already underway. Vince Campbell, the Economic Buyer, has validated the need for the solution and submitted the quote for approval. There is no competition as BofA has confirmed that only the seller's solution meets their strict compliance requirements. The purchase order processing is the next priority.",Finalize the purchase order and obtain the necessary signatures through the Ariba system.,1,2026-03-12 01:31:51.509186,2026-03-12 01:31:42.72867,3,Ensure to quantify the impact of inaction in future discussions.,0,Identify specific metrics or KPIs that the customer has validated to strengthen this category.,3,Ensure to maintain strong communication with the economic buyer to leverage their influence.,3,Ensure to maintain a strong relationship with the economic buyer to facilitate the buying process.,3,Ensure to document any additional criteria that may arise during discussions.,3,Ensure to maintain a direct line of communication with the economic buyer to facilitate the decision process.,3,Confirm with the buyer that no alternatives are being evaluated to maintain a strong position.,3,"The procurement process is actively moving forward, indicating strong progress towards final sign-off.",3,Ensure to highlight any specific deadlines or compelling events in future notes.,"{""scoring"": {""evidence"": {""comment_ingestion_id"": 4876}, ""computed_at"": ""2026-03-12T01:31:51.517Z"", ""score_source"": ""ai_notes"", ""confidence_band"": ""high"", ""confidence_score"": 88, ""confidence_summary"": ""High confidence: 9/10 categories scored; updated recently; sourced from AI-notes.""}}",0,,,32,Quantified Impact: they will miss target deadlines and put customer data at risk if they dont buy more of our licenses.,,"True Champion: Vince Campbell, chief arctictec is the new leader of IS services (he is also the economic buyer), has validated the need for our solution - He is leading buying process and has submitted the quote for approvals.","Direct Relationship: Vince Campbell, chief arctictec is the new leader of IS services (he is also the economic buyer), has validated the need for our solution - He is leading buying process and has submitted the quote for approvals.",Locked: we've passed all the technical requirements as defined by BoA - They're already using our product today in this environment.,"Verified: Vince Campbell, chief arctictec, he has submitted the quote for a purchase order.",Positioned: there is no competition - we already have the contract and are the only approved vendor,Final Sign-off: PO processing for this order is next priority and already underway.,Compelling Event: PO processing for this order is next priority and already underway.,006J5000003gonW11,,,Vince Campbell,Chief Arctictec,Vince Campbell,Chief Arctictec,Commit,BofA_HA virtual (100),2026-03-31,Ensure to confirm that the budget is formally approved and that pricing has been accepted by the financial decision maker.,3,Budget & Pricing Fully Confirmed: Vince owns large discretionary budget in addition to allocated budget for OT software and Services.,f,27,27,2026-03-12 01:31:51.509186+00,Commit,4. Develop Solution,332a7e9a-e374-406f-b547-b78741e727e7,2024-11-05T00:00:00.000Z,2024-11-05 00:00:00+00,Availability,006j5000003gonw11,,f,baseline,,,,,,,,,,,,,,,,,,,,,t,
7564,10,Complex Ingest 3,101520,Commit,Conor Sullivan,"The deal with BofA involves a renewal for 100 additional licenses, with procurement already underway. Vince Campbell, the Economic Buyer, has validated the need for the solution and submitted the quote for approval. There are no competitors, as BofA has confirmed that only this solution meets their strict compliance requirements. The purchase order processing is the next priority.",Finalize the purchase order and obtain the necessary signatures through the Ariba system.,1,2026-03-12 01:31:55.330218,2026-03-12 01:31:42.72867,3,Ensure to quantify the impact of inaction in future discussions.,0,Identify specific metrics or KPIs that the customer is using to measure success.,3,Ensure to maintain strong communication with the champion to leverage their influence throughout the buying process.,3,Ensure to maintain a strong relationship with the economic buyer to facilitate the buying process.,3,Ensure to document any specific criteria that have been evaluated and confirmed in favor of our solution.,3,Ensure to maintain a direct line of communication with the economic buyer to facilitate the decision process.,3,Confirm the buyer's understanding of the competitive landscape to reinforce your position.,3,Ensure all procurement steps are documented and confirmed.,3,Ensure to highlight any specific deadlines or compelling events in future notes.,"{""scoring"": {""evidence"": {""comment_ingestion_id"": 4878}, ""computed_at"": ""2026-03-12T01:31:55.336Z"", ""score_source"": ""ai_notes"", ""confidence_band"": ""high"", ""confidence_score"": 88, ""confidence_summary"": ""High confidence: 9/10 categories scored; updated recently; sourced from AI-notes.""}}",0,,,32,Quantified Impact: they will miss target deadlines and put customer data at risk if they dont buy more of our licenses.,,"True Champion: Vince Campbell, chief arctictec is the new leader of IS services (he is also the economic buyer), has validated the need for our solution - He is leading buying process and has submitted the quote for approvals.","Direct Relationship: Vince Campbell, chief arctictec is the new leader of IS services (he is also the economic buyer), has validated the need for our solution - He is leading buying process and has submitted the quote for approvals.",Locked: we've passed all the technical requirements as defined by BoA - They're already using our product today in this environment.,"Verified: Vince Campbell, chief arctictec, he has submitted the quote for a purchase order.",Positioned: there is no competition - we already have the contract and are the only approved vendor,Final Sign-off: PO processing for this order is next priority and already underway.,Compelling Event: PO processing for this order is next priority and already underway.,006J5000003gonW12,,,Vince Campbell,Chief Arctictec,Vince Campbell,Chief Arctictec,Commit,BofA_HA virtual (100),2026-03-31,Ensure to confirm that the budget is formally approved and that pricing is accepted by the financial decision maker.,3,"Budget & Pricing Fully Confirmed: Vince Campbell, chief arctictec, he has submitted the quote for a purchase order.",f,27,27,2026-03-12 01:31:55.330218+00,Commit,4. Develop Solution,6e2e2cdf-ea08-4181-bde9-515e5c3deb49,2024-11-05T00:00:00.000Z,2024-11-05 00:00:00+00,Availability,006j5000003gonw12,,f,baseline,,,,,,,,,,,,,,,,,,,,,t,
7565,10,Voice Update One,101520,Commit,Conor Sullivan,"The deal with BofA for the HA virtual licenses is progressing well, with all renewal paperwork completed and PO processing underway. The team is actively working through procurement, and there have been multiple meetings with key contacts, including Vince. The next steps involve finalizing the order and confirming the number of licenses needed.","Finalize the order and confirm the number of licenses needed.
Continue following up with Vince and the procurement team.",1,2026-03-12 01:31:58.188114,2026-03-12 01:31:42.72867,0,Identify specific business pain or consequences of inaction to strengthen this category.,0,Identify specific metrics or KPIs that the customer values to strengthen this category.,1,Identify if Vince has more influence or can facilitate meetings with decision-makers.,1,Identify and engage with the new economic buyer to strengthen your position.,2,Ensure to gather more specific technical and business requirements to strengthen the criteria score.,2,Ensure to gather more details on the specific steps and stakeholders involved in the procurement process.,2,Confirm with the buyer if there are any competitors being considered to strengthen your position.,3,"The procurement process is actively moving forward, indicating strong progress towards final sign-off.",3,Ensure to highlight any specific deadlines or compelling events in future notes.,"{""scoring"": {""evidence"": {""comment_ingestion_id"": 4881}, ""computed_at"": ""2026-03-12T01:31:58.194Z"", ""score_source"": ""ai_notes"", ""confidence_band"": ""high"", ""confidence_score"": 83, ""confidence_summary"": ""High confidence: 8/10 categories scored; updated recently; sourced from AI-notes.""}}",0,,,32,,,Coach: connected with Vince and introduced renewals into conversation.,Identified: new contact replacing Mubarak.,Defined: They are already consuming new licenses and as such are under 100 virtual licenses.,Understood: procurement underway at BofA,"Identified: rep has stated no competition exists with a credible reason (incumbent position, sole approved vendor, switching cost described)",Final Sign-off: PO processing for this order is next priority and already underway.,Compelling Event: PO processing for this order is next priority and already underway.,006J5000003gonWf,,,Vince,,,,Pipeline,BofA_HA virtual (100),2026-03-31,Ensure to confirm that the pricing has been accepted by the financial decision maker.,3,Budget & Pricing Fully Confirmed: PO processing for this order is next priority and already underway.,f,17,17,2026-03-12 01:31:58.188114+00,Pipeline,4. Develop Solution,a6ac6d43-64ef-4e90-9381-3d0b94df10b9,2024-11-05T00:00:00.000Z,2024-11-05 00:00:00+00,Availability,006j5000003gonwf,,f,baseline,,,,,,,,,,,,,,,,,,,,,t,
7566,10,Voice Update  Two,101520,Commit,Conor Sullivan,"The renewal paperwork for the BofA HA virtual deal is completed, and the purchase order (PO) processing is the next priority, already underway. The sales rep has been actively engaging with various contacts at BofA, including Vince, and has proposed both 100 and 200 license options. The deal is in the Commit stage with a close date set for March 31, 2026.","Follow up with BofA on the status of the PO processing.
Continue discussions with Vince regarding the next steps for purchasing.",1,2026-03-12 01:32:00.870366,2026-03-12 01:31:42.72867,0,Identify specific business pain or consequences of inaction to strengthen this score.,0,Identify specific metrics or KPIs that the customer values to strengthen this category.,1,Identify if Vince has more influence or can facilitate meetings with decision-makers.,1,Identify and engage with the new economic buyer to strengthen your position.,2,Ensure to gather more specific technical and business requirements from the buyer to strengthen the criteria score.,2,Ensure to gather more details about the specific steps and stakeholders involved in the procurement process.,2,Confirm with the buyer if any competitors are being evaluated or if they have a preference for your solution.,3,"The procurement process is actively moving forward, indicating strong progress towards final sign-off.",3,The presence of a specific procurement action indicates a compelling event.,"{""scoring"": {""evidence"": {""comment_ingestion_id"": 4883}, ""computed_at"": ""2026-03-12T01:32:00.877Z"", ""score_source"": ""ai_notes"", ""confidence_band"": ""high"", ""confidence_score"": 83, ""confidence_summary"": ""High confidence: 8/10 categories scored; updated recently; sourced from AI-notes.""}}",0,,,32,,,Coach: Connected with Vince and introduced renewals into conversation.,Identified: new contact replacing Mubarak.,Defined: both 100 and 200 license options proposed to BofA.,Understood: procurement underway at BofA,Identified: Waiting further direction from BofA team for end of year purchase.,Final Sign-off: PO processing for this order is next priority and already underway.,Compelling Event: PO processing for this order is next priority and already underway.,006J50200003gonW56f,,,Vince,,Mubarak,,Pipeline,BofA_HA virtual (100),2026-03-31,Confirm that the budget is formally approved and that pricing has been accepted by the financial decision maker.,3,Budget & Pricing Fully Confirmed: PO processing for this order is next priority and already underway.,f,17,17,2026-03-12 01:32:00.870366+00,Pipeline,4. Develop Solution,5e0703bd-ebe3-4658-a273-f67e8d47236f,2024-11-05T00:00:00.000Z,2024-11-05 00:00:00+00,Availability,006j50200003gonw56f,,f,baseline,,,,,,,,,,,,,,,,,,,,,t,
7567,10,Voice Update  Three,101520,Commit,Conor Sullivan,"The renewal paperwork for the BofA HA virtual deal is completed, with PO processing underway as the next priority. The procurement process is active, and the team is working through quotes and requirements for additional licenses. Meetings have been held with key contacts, including Vince, to discuss the opportunity and next steps for purchasing.",Follow up with BofA team for further direction on the end-of-year purchase.,1,2026-03-12 01:32:04.35872,2026-03-12 01:31:42.72867,0,Identify specific business pain or consequences of inaction to strengthen this category.,0,Identify specific metrics or KPIs that the customer values to strengthen the case.,1,Identify if Vince has more influence or can advocate for your solution.,1,Identify and engage with the new economic buyer to strengthen your position.,2,Ensure to document specific technical and business requirements as they are confirmed.,2,Ensure to gather more details about the specific steps and stakeholders involved in the procurement process.,2,Confirm if there are any specific competitors being evaluated or if the buyer has stated no competition exists.,3,Ensure to follow up on the procurement process to maintain momentum.,3,Ensure to highlight the urgency and specific actions being taken towards the deadline.,"{""scoring"": {""evidence"": {""comment_ingestion_id"": 4886}, ""computed_at"": ""2026-03-12T01:32:04.365Z"", ""score_source"": ""ai_notes"", ""confidence_band"": ""high"", ""confidence_score"": 83, ""confidence_summary"": ""High confidence: 8/10 categories scored; updated recently; sourced from AI-notes.""}}",0,,,32,,,Coach: Connected with Vince and introduced renewals into conversation.,Identified: new contact replacing Mubarak.,Defined: both 100 and 200 license options proposed to BofA.,Understood: procurement underway at BofA,Identified: waiting further direction from BofA team for end of year purchase.,Final Sign-off: PO processing for this order is next priority and already underway.,Compelling Event: PO processing for this order is next priority and already underway.,006J50030003gonWf,,,Vince,,Mubarak,,Pipeline,BofA_HA virtual (100),2026-03-31,Confirm that the budget is formally approved and that pricing has been accepted by the financial decision maker.,3,Budget & Pricing Fully Confirmed: PO processing for this order is next priority and already underway.,f,17,17,2026-03-12 01:32:04.35872+00,Pipeline,4. Develop Solution,7f9deae1-e275-411a-b807-80985bc5e8bd,2024-11-05T00:00:00.000Z,2024-11-05 00:00:00+00,Availability,006j50030003gonwf,,f,baseline,,,,,,,,,,,,,,,,,,,,,t,
